-- phpMyAdmin SQL Dump
-- version 5.2.0
-- https://www.phpmyadmin.net/
--
-- Máy chủ: 127.0.0.1
-- Thời gian đã tạo: Th7 10, 2023 lúc 04:00 AM
-- Phiên bản máy phục vụ: 10.4.24-MariaDB
-- Phiên bản PHP: 8.1.6

SET SQL_MODE = "NO_AUTO_VALUE_ON_ZERO";
START TRANSACTION;
SET time_zone = "+00:00";


/*!40101 SET @OLD_CHARACTER_SET_CLIENT=@@CHARACTER_SET_CLIENT */;
/*!40101 SET @OLD_CHARACTER_SET_RESULTS=@@CHARACTER_SET_RESULTS */;
/*!40101 SET @OLD_COLLATION_CONNECTION=@@COLLATION_CONNECTION */;
/*!40101 SET NAMES utf8mb4 */;

--
-- Cơ sở dữ liệu: `web2`
--

-- --------------------------------------------------------

--
-- Cấu trúc bảng cho bảng `chitiethoadon`
--

CREATE TABLE `chitiethoadon` (
  `MaHD` int(11) NOT NULL,
  `MaSP` int(11) NOT NULL,
  `SoLuong` int(11) NOT NULL,
  `DonGia` float NOT NULL
) ENGINE=InnoDB DEFAULT CHARSET=utf8 COLLATE=utf8_unicode_ci;

--
-- Đang đổ dữ liệu cho bảng `chitiethoadon`
--

INSERT INTO `chitiethoadon` (`MaHD`, `MaSP`, `SoLuong`, `DonGia`) VALUES
(1, 15, 7, 260000),
(1, 14, 5, 2850000),
(10, 2, 1, 7690000),
(24, 3, 2, 4790000),
(24, 9, 2, 8990000),
(26, 11, 1, 17000000),
(27, 16, 1, 5690000),
(27, 15, 1, 260000);

-- --------------------------------------------------------

--
-- Cấu trúc bảng cho bảng `danhgia`
--

CREATE TABLE `danhgia` (
  `MaSP` int(11) NOT NULL,
  `MaND` varchar(10) COLLATE utf8_unicode_ci NOT NULL,
  `SoSao` int(11) NOT NULL,
  `BinhLuan` varchar(255) COLLATE utf8_unicode_ci NOT NULL,
  `NgayLap` datetime NOT NULL
) ENGINE=InnoDB DEFAULT CHARSET=utf8 COLLATE=utf8_unicode_ci;

--
-- Đang đổ dữ liệu cho bảng `danhgia`
--

INSERT INTO `danhgia` (`MaSP`, `MaND`, `SoSao`, `BinhLuan`, `NgayLap`) VALUES
(4, '2', 4, 'Hoàng trần đẹp trai', '2019-05-16 19:28:13'),
(4, '2', 1, 'Chưa tốt! cần cải thiện nhiều', '2019-05-16 19:29:30'),
(2, '2', 4, 'Giảm giá 500k , quá gắt <3', '2019-05-16 19:31:48'),
(46, '2', 4, 'Đỏ may mắn <3', '2019-05-16 19:32:58'),
(44, '4', 5, 'wow, giá rẻ cấu hình ngon đây rồi <3', '2019-05-16 19:38:03'),
(4, '4', 4, 'đẹp', '2019-05-16 19:47:56'),
(2, '4', 3, 'aaa sơn cmn tùng <3', '2019-05-16 19:48:46'),
(44, '4', 3, 'Ram có 1GB tiếc quá', '2019-05-16 19:49:20'),
(46, '4', 2, 'Pin khá tệ ', '2019-05-16 19:49:44'),
(15, '4', 4, 'mua vài chục cái về cho con cháu chọi nhau chơi :v', '2019-05-16 19:52:14'),
(2, '2', 4, 'sdjnjkdsank', '2023-04-06 08:04:10');

-- --------------------------------------------------------

--
-- Cấu trúc bảng cho bảng `hoadon`
--

CREATE TABLE `hoadon` (
  `MaHD` int(11) NOT NULL,
  `MaND` int(11) NOT NULL,
  `NgayLap` datetime NOT NULL,
  `NguoiNhan` varchar(50) COLLATE utf8_unicode_ci NOT NULL,
  `SDT` varchar(20) COLLATE utf8_unicode_ci NOT NULL,
  `DiaChi` varchar(100) COLLATE utf8_unicode_ci NOT NULL,
  `PhuongThucTT` varchar(20) COLLATE utf8_unicode_ci NOT NULL,
  `TongTien` float NOT NULL,
  `TrangThai` varchar(70) COLLATE utf8_unicode_ci NOT NULL
) ENGINE=InnoDB DEFAULT CHARSET=utf8 COLLATE=utf8_unicode_ci;

--
-- Đang đổ dữ liệu cho bảng `hoadon`
--

INSERT INTO `hoadon` (`MaHD`, `MaND`, `NgayLap`, `NguoiNhan`, `SDT`, `DiaChi`, `PhuongThucTT`, `TongTien`, `TrangThai`) VALUES
(1, 2, '2023-04-06 06:26:26', 'Nguyen Danh', '0123456789', 'kóddlkdsfllsfd', 'Qua thẻ ngân hàng', 16070000, '1'),
(10, 2, '2023-04-06 07:06:30', 'Nguyen Danh', '0123456789', 'kóddlkdsfllsfd', '', 7190000, '2'),
(24, 2, '2023-07-03 07:01:18', 'a Anh', '0923960640', 'dsaasddsa dsas ads', 'Thanh toán khi nhận ', 27560000, '1'),
(26, 2, '2023-07-04 11:20:39', 'nguyen  anh', '0922323232', '4 ngo 17 socson ha', 'Thanh toán khi nhận ', 17000000, '2'),
(27, 2, '2023-07-05 08:16:43', 'asd asdasd', '3232', 'áddsa adsdsa ádsa', 'Thanh toán khi nhận ', 5950000, '2');

-- --------------------------------------------------------

--
-- Cấu trúc bảng cho bảng `khuyenmai`
--

CREATE TABLE `khuyenmai` (
  `MaKM` int(11) NOT NULL,
  `TenKM` varchar(100) COLLATE utf8_unicode_ci NOT NULL,
  `LoaiKM` varchar(20) COLLATE utf8_unicode_ci NOT NULL,
  `GiaTriKM` float NOT NULL,
  `NgayBD` datetime NOT NULL,
  `NgayKT` datetime NOT NULL
) ENGINE=InnoDB DEFAULT CHARSET=utf8 COLLATE=utf8_unicode_ci;

--
-- Đang đổ dữ liệu cho bảng `khuyenmai`
--

INSERT INTO `khuyenmai` (`MaKM`, `TenKM`, `LoaiKM`, `GiaTriKM`, `NgayBD`, `NgayKT`) VALUES
(1, 'Không khuyến mãi', 'Nothing', 0, '2019-04-08 00:00:00', '2022-04-17 00:00:00'),
(2, 'Giảm giá', 'GiamGia', 500000, '2019-05-01 00:00:00', '2019-05-31 00:00:00'),
(3, 'Giá rẻ online', 'GiaReOnline', 650000, '2019-05-01 00:00:00', '2019-05-31 00:00:00'),
(4, 'Trả góp', 'TraGop', 0, '2019-05-01 00:00:00', '2019-05-31 00:00:00'),
(5, 'Mới ra mắt', 'MoiRaMat', 0, '2019-05-01 00:00:00', '2019-05-31 00:00:00');

-- --------------------------------------------------------

--
-- Cấu trúc bảng cho bảng `loaisanpham`
--

CREATE TABLE `loaisanpham` (
  `MaLSP` int(11) NOT NULL,
  `TenLSP` varchar(70) COLLATE utf8_unicode_ci NOT NULL,
  `HinhAnh` varchar(200) COLLATE utf8_unicode_ci NOT NULL,
  `Mota` varchar(200) COLLATE utf8_unicode_ci NOT NULL
) ENGINE=InnoDB DEFAULT CHARSET=utf8 COLLATE=utf8_unicode_ci;

--
-- Đang đổ dữ liệu cho bảng `loaisanpham`
--

INSERT INTO `loaisanpham` (`MaLSP`, `TenLSP`, `HinhAnh`, `Mota`) VALUES
(1, 'Apple', 'Apple.jpg', 'Các sản phẩm của Apple'),
(2, 'Coolpad', 'Coolpad.png', 'Các sản phẩm của coolpad'),
(3, 'HTC', 'HTC.jpg', 'Các sản phẩm đến từ HTC'),
(4, 'Itel', 'Itel.jpg', 'Các sản phẩm của Itel'),
(5, 'Mobell', 'Mobell.jpg', 'Các sản phẩm của mobell'),
(6, 'Vivo', 'Vivo.jpg', 'Các sản phẩm của Vivo'),
(7, 'Oppo', 'Oppo.jpg', 'Camara Selphi cuc chat tu Oppo'),
(8, 'SamSung', 'Samsung.jpg', 'Khuyen mai lon tu SamSung'),
(9, 'Philips', 'Philips.jpg', 'Cac san pham tuyet dep tu Phillip'),
(10, 'Nokia', 'Nokia.jpg', 'Các sản phẩm đến từ thương hiệu Nokia'),
(11, 'Motorola', 'Motorola.jpg', 'Motorola is the best'),
(12, 'Mobiistar', 'Mobiistar.jpg', 'Các sản phẩm đến từ thương hiệu Mobiistar'),
(14, 'Xiaomi', 'Xiaomi.png', 'Các sản phẩm đến từ thương hiệu Xiaomi'),
(15, 'Huawei', 'Huawei.jpg', 'thương hiệu tq'),
(16, 'Realme', 'Realme.jpg', 'realme là thương hiệu công nghệ chuyên cung cấp điện thoại thông minh chất lượng cao, tập trung vào nhu cầu của người dùng và đưa ra sản phẩm với hiệu suất mạnh mẽ');

-- --------------------------------------------------------

--
-- Cấu trúc bảng cho bảng `nguoidung`
--

CREATE TABLE `nguoidung` (
  `MaND` int(11) NOT NULL,
  `Ho` varchar(20) COLLATE utf8_unicode_ci NOT NULL,
  `Ten` varchar(20) COLLATE utf8_unicode_ci NOT NULL,
  `SDT` varchar(20) COLLATE utf8_unicode_ci NOT NULL,
  `Email` varchar(50) COLLATE utf8_unicode_ci NOT NULL,
  `DiaChi` varchar(200) COLLATE utf8_unicode_ci NOT NULL,
  `TaiKhoan` varchar(100) COLLATE utf8_unicode_ci NOT NULL,
  `MatKhau` varchar(100) COLLATE utf8_unicode_ci NOT NULL,
  `MaQuyen` int(11) NOT NULL,
  `TrangThai` int(11) NOT NULL
) ENGINE=InnoDB DEFAULT CHARSET=utf8 COLLATE=utf8_unicode_ci;

--
-- Đang đổ dữ liệu cho bảng `nguoidung`
--

INSERT INTO `nguoidung` (`MaND`, `Ho`, `Ten`, `SDT`, `Email`, `DiaChi`, `TaiKhoan`, `MatKhau`, `MaQuyen`, `TrangThai`) VALUES
(1, 'Tran', 'Hoang', '0123456789', 'th@gmail.com', '', 'Hoang016', 'e10adc3949ba59abbe56e057f20f883e', 1, 0),
(2, 'Nguyen', 'Danh', '0123456789', '', '', 'abc', 'e19d5cd5af0378da05f63f891c7467af', 1, 1),
(4, 'Nguyễn', 'Huệ', '01207764668', '', '', 'Hue', '202cb962ac59075b964b07152d234b70', 1, 0);

-- --------------------------------------------------------

--
-- Cấu trúc bảng cho bảng `phanquyen`
--

CREATE TABLE `phanquyen` (
  `MaQuyen` int(11) NOT NULL,
  `TenQuyen` varchar(20) COLLATE utf8_unicode_ci NOT NULL,
  `ChiTietQuyen` varchar(255) COLLATE utf8_unicode_ci NOT NULL
) ENGINE=InnoDB DEFAULT CHARSET=utf8 COLLATE=utf8_unicode_ci;

--
-- Đang đổ dữ liệu cho bảng `phanquyen`
--

INSERT INTO `phanquyen` (`MaQuyen`, `TenQuyen`, `ChiTietQuyen`) VALUES
(1, 'Customer', 'Khách hàng có tài khoản');

-- --------------------------------------------------------

--
-- Cấu trúc bảng cho bảng `sanpham`
--

CREATE TABLE `sanpham` (
  `MaSP` int(11) NOT NULL,
  `MaLSP` int(11) NOT NULL,
  `TenSP` varchar(70) COLLATE utf8_unicode_ci NOT NULL,
  `DonGia` int(11) NOT NULL,
  `SoLuong` int(10) UNSIGNED NOT NULL DEFAULT 1,
  `HinhAnh` varchar(200) COLLATE utf8_unicode_ci NOT NULL,
  `MaKM` int(11) NOT NULL,
  `ManHinh` varchar(50) COLLATE utf8_unicode_ci NOT NULL,
  `HDH` varchar(50) COLLATE utf8_unicode_ci NOT NULL,
  `CamSau` varchar(50) COLLATE utf8_unicode_ci NOT NULL,
  `CamTruoc` varchar(50) COLLATE utf8_unicode_ci NOT NULL,
  `CPU` varchar(50) COLLATE utf8_unicode_ci NOT NULL,
  `Ram` varchar(50) COLLATE utf8_unicode_ci NOT NULL,
  `Rom` varchar(50) COLLATE utf8_unicode_ci NOT NULL,
  `SDCard` varchar(50) COLLATE utf8_unicode_ci NOT NULL,
  `Pin` varchar(50) COLLATE utf8_unicode_ci NOT NULL,
  `SoSao` int(11) NOT NULL,
  `SoDanhGia` int(11) NOT NULL,
  `TrangThai` int(11) NOT NULL
) ENGINE=InnoDB DEFAULT CHARSET=utf8 COLLATE=utf8_unicode_ci;

--
-- Đang đổ dữ liệu cho bảng `sanpham`
--

INSERT INTO `sanpham` (`MaSP`, `MaLSP`, `TenSP`, `DonGia`, `SoLuong`, `HinhAnh`, `MaKM`, `ManHinh`, `HDH`, `CamSau`, `CamTruoc`, `CPU`, `Ram`, `Rom`, `SDCard`, `Pin`, `SoSao`, `SoDanhGia`, `TrangThai`) VALUES
(1, 8, 'SamSung Galaxy J4+', 3490000, 10, 'img/products/samsung-galaxy-j4-plus-pink-400x400.jpg', 500000, 'IPS LCD, 6.0\', HD+', 'Android 8.1 (Oreo)', '13 MP', '5 MP', 'Qualcomm Snapdragon 425 4 nhân 64-bit', '2 GB', '16 GB', 'MicroSD, hỗ trợ tối đa 256 GB', '3300 mAh', 0, 0, 1),
(2, 7, 'Oppo F9', 7690000, 10, 'img/products/oppo-f9-red-600x600.jpg', 500000, 'LTPS LCD, 6.3\', Full HD+', 'ColorOS 5.2 (Android 8.1)', '16 MP và 2 MP (2 camera)', '25 MP', 'MediaTek Helio P60 8 nhân 64-bit', '4 GB', '64 GB', 'MicroSD, hỗ trợ tối đa 256 GB', '3500 mAh, có sạc nhanh', 4, 3, 1),
(3, 10, 'Nokia 5.1 Plus', 4790000, 0, 'img/products/nokia-51-plus-black-18thangbh-400x400.jpg', 500000, 'IPS LCD, 5.8\', HD+', 'Android One', '13 MP và 5 MP (2 camera)', '8 MP', 'MediaTek Helio P60 8 nhân 64-bit', '3 GB', '32 GB', 'MicroSD, hỗ trợ tối đa 256 GB', '3060 mAh, có sạc nhanh', 0, 0, 1),
(4, 1, 'iPhone X 256GB Silver', 31990000, 10, 'img/products/iphone-x-256gb-silver-400x400.jpg', 500000, 'OLED, 5.8\', Super Retina', 'iOS 11', '2 camera 12 MP', '7 MP', 'Apple A11 Bionic 6 nhân', '3 GB', '256 GB', 'Không', '2716 mAh, có sạc nhanh', 3, 3, 1),
(5, 8, 'Samsung Galaxy J8', 6290000, 10, 'img/products/samsung-galaxy-j8-600x600-600x600.jpg', 500000, 'Super AMOLED, 6.0\', HD+', 'Android 8.0 (Oreo)', '16 MP và 5 MP (2 camera)', '16 MP', 'Qualcomm Snapdragon 450 8 nhân 64-bit', '3 GB', '32 GB', 'MicroSD, hỗ trợ tối đa 256 GB', '3500 mAh', 0, 0, 1),
(6, 8, 'Samsung Galaxy A8+ (2018)', 11990000, 10, 'img/products/samsung-galaxy-a8-plus-2018-gold-600x600.jpg', 500000, 'Super AMOLED, 6\', Full HD+', 'Android 7.1 (Nougat)', '16 MP', '16 MP và 8 MP (2 camera)', 'Exynos 7885 8 nhân 64-bit', '6 GB', '64 GB', 'MicroSD, hỗ trợ tối đa 256 GB', '3500 mAh, có sạc nhanh', 0, 0, 1),
(7, 7, 'Oppo A3s 32GB', 4690000, 10, 'img/products/oppo-a3s-32gb-600x600.jpg', 500000, 'IPS LCD, 6.2\', HD+', 'Android 8.1 (Oreo)', '13 MP và 2 MP (2 camera)', '8 MP', 'Qualcomm Snapdragon 450 8 nhân 64-bit', '3 GB', '32 GB', 'MicroSD, hỗ trợ tối đa 256 GB', '4230 mAh', 0, 0, 1),
(8, 14, 'Xiaomi Mi 8 Lite', 6690000, 10, 'img/products/xiaomi-mi-8-lite-black-1-600x600.jpg', 500000, 'IPS LCD, 6.26\', Full HD+', 'Android 8.1 (Oreo)', '12 MP và 5 MP (2 camera)', '24 MP', 'Qualcomm Snapdragon 660 8 nhân', '4 GB', '64 GB', 'MicroSD, hỗ trợ tối đa 512 GB', '3300 mAh, có sạc nhanh', 0, 0, 1),
(9, 1, 'iPad 2018 Wifi 32GB', 8990000, 2, 'img/products/ipad-wifi-32gb-2018-thumb-600x600.jpg', 500000, 'LED-backlit LCD, 9.7p\'\'', '	iOS 11.3', '8 MP', '1.2 MP', 'Apple A10 Fusion, 2.34 GHz', '2 GB', '32 GB', 'Không', 'Chưa có thông số cụ thể', 0, 0, 1),
(10, 14, 'Xiaomi Mi 8', 12990000, 10, 'img/products/xiaomi-mi-8-1-600x600.jpg', 500000, 'IPS LCD, 6.26\', Full HD+', 'Android 8.1 (Oreo)', '12 MP và 5 MP (2 camera)', '24 MP', 'Qualcomm Snapdragon 660 8 nhân', '4 GB', '64 GB', 'MicroSD, hỗ trợ tối đa 512 GB', '3300 mAh, có sạc nhanh', 0, 0, 1),
(11, 1, 'iPhone 7 Plus 32GB', 17000000, 9, 'img/products/iphone-7-plus-32gb-hh-600x600.jpg', 500000, 'LED-backlit IPS LCD, 5.5, Retina HD', 'iOS 11', '2 camera 12 MP', '7 MP', 'Apple A10 Fusion 4 nhân 64-bit', '3 GB', '32 GB', 'Không', '2900 mAh', 0, 0, 1),
(12, 12, 'Mobiistar X', 3490000, 10, 'img/products/mobiistar-x-3-600x600.jpg', 500000, 'IPS LCD, 5.86, HD+', 'Android 8.1 (Oreo)', '16 MP và 5 MP (2 camera)', '16 MP', 'MediaTek MT6762 8 nhân 64-bit (Helio P22)', '4 GB', '32 GB', 'MicroSD, hỗ trợ tối đa 256 GB', '3000 mAh', 0, 0, 1),
(13, 12, 'Mobiistar E Selfie', 2490000, 10, 'img/products/mobiistar-e-selfie-300-1copy-600x600.jpg', 500000, 'IPS LCD, 6.0, HD+', 'Android 7.0 (Nougat)', '13 MP', '13 MP', 'MediaTek MT6739 4 nhân 64-bit', '2 GB', '16 GB', 'MicroSD, hỗ trợ tối đa 128 GB', '3900 mAh', 0, 0, 1),
(14, 12, 'Mobiistar Zumbo S2 Dual', 2850000, 10, 'img/products/mobiistar-zumbo-s2-dual-300x300.jpg', 500000, 'IPS LCD, 5.5, Full HD', 'Android 7.0 (Nougat)', '13 MP', '13 MP và 8 MP (2 camera)', 'MT6737T, 4 nhân', '3 GB', '32 GB', 'MicroSD, hỗ trợ tối đa 128 GB', '3000 mAh', 0, 0, 1),
(15, 12, 'Mobiistar B310', 260000, 9, 'img/products/mobiistar-b310-orange-600x600.jpg', 500000, 'LCD, 1.8, QQVGA', 'Không', '0.08 MP', 'Không', 'Không', 'Không', 'Không', 'MicroSD, hỗ trợ tối đa 32 GB', '800 mAh', 4, 1, 1),
(16, 14, 'Xiaomi Redmi Note 5', 5690000, 9, 'img/products/xiaomi-redmi-note-5-pro-600x600.jpg', 500000, 'IPS LCD, 5.99, Full HD+', 'Android 8.1 (Oreo)', '12 MP và 5 MP (2 camera)', '13 MP', 'Qualcomm Snapdragon 636 8 nhân', '4 GB', '64 GB', 'MicroSD, hỗ trợ tối đa 128 GB', '4000 mAh, có sạc nhanh', 0, 0, 1),
(17, 14, 'Xiaomi Redmi 5 Plus 4GB', 4790000, 10, 'img/products/xiaomi-redmi-5-plus-600x600.jpg', 1000000, 'IPS LCD, 5.99, Full HD+', 'Android 7.1 (Nougat)', '12 MP', '5 MP', 'Snapdragon 625 8 nhân 64-bit', '4 GB', '64 GB', 'MicroSD, hỗ trợ tối đa 256 GB', '4000 mAh', 0, 0, 1),
(52, 1, 'sdadsa', 113232, 232132, 'img/products/MicrosoftTeams-image (1).png', 150000, '22sa', '3223', '2323', '3223', '32233223', '322323', '32212', '233232', '1', 1, 32332, 1);

--
-- Chỉ mục cho các bảng đã đổ
--

--
-- Chỉ mục cho bảng `chitiethoadon`
--
ALTER TABLE `chitiethoadon`
  ADD KEY `MaHD` (`MaHD`),
  ADD KEY `MaSP` (`MaSP`);

--
-- Chỉ mục cho bảng `danhgia`
--
ALTER TABLE `danhgia`
  ADD KEY `MaSP` (`MaSP`);

--
-- Chỉ mục cho bảng `hoadon`
--
ALTER TABLE `hoadon`
  ADD PRIMARY KEY (`MaHD`),
  ADD KEY `MaKH` (`MaND`);

--
-- Chỉ mục cho bảng `khuyenmai`
--
ALTER TABLE `khuyenmai`
  ADD PRIMARY KEY (`MaKM`);

--
-- Chỉ mục cho bảng `loaisanpham`
--
ALTER TABLE `loaisanpham`
  ADD PRIMARY KEY (`MaLSP`);

--
-- Chỉ mục cho bảng `nguoidung`
--
ALTER TABLE `nguoidung`
  ADD PRIMARY KEY (`MaND`),
  ADD KEY `MaQuyen` (`MaQuyen`);

--
-- Chỉ mục cho bảng `phanquyen`
--
ALTER TABLE `phanquyen`
  ADD PRIMARY KEY (`MaQuyen`);

--
-- Chỉ mục cho bảng `sanpham`
--
ALTER TABLE `sanpham`
  ADD PRIMARY KEY (`MaSP`),
  ADD KEY `LoaiSP` (`MaLSP`),
  ADD KEY `MaKM` (`MaKM`);

--
-- AUTO_INCREMENT cho các bảng đã đổ
--

--
-- AUTO_INCREMENT cho bảng `hoadon`
--
ALTER TABLE `hoadon`
  MODIFY `MaHD` int(11) NOT NULL AUTO_INCREMENT, AUTO_INCREMENT=28;

--
-- AUTO_INCREMENT cho bảng `khuyenmai`
--
ALTER TABLE `khuyenmai`
  MODIFY `MaKM` int(11) NOT NULL AUTO_INCREMENT, AUTO_INCREMENT=6;

--
-- AUTO_INCREMENT cho bảng `loaisanpham`
--
ALTER TABLE `loaisanpham`
  MODIFY `MaLSP` int(11) NOT NULL AUTO_INCREMENT, AUTO_INCREMENT=17;

--
-- AUTO_INCREMENT cho bảng `nguoidung`
--
ALTER TABLE `nguoidung`
  MODIFY `MaND` int(11) NOT NULL AUTO_INCREMENT, AUTO_INCREMENT=8;

--
-- AUTO_INCREMENT cho bảng `phanquyen`
--
ALTER TABLE `phanquyen`
  MODIFY `MaQuyen` int(11) NOT NULL AUTO_INCREMENT, AUTO_INCREMENT=2;

--
-- AUTO_INCREMENT cho bảng `sanpham`
--
ALTER TABLE `sanpham`
  MODIFY `MaSP` int(11) NOT NULL AUTO_INCREMENT, AUTO_INCREMENT=54;

--
-- Các ràng buộc cho các bảng đã đổ
--

--
-- Các ràng buộc cho bảng `chitiethoadon`
--
ALTER TABLE `chitiethoadon`
  ADD CONSTRAINT `chitiethoadon_ibfk_1` FOREIGN KEY (`MaSP`) REFERENCES `sanpham` (`MaSP`),
  ADD CONSTRAINT `chitiethoadon_ibfk_2` FOREIGN KEY (`MaHD`) REFERENCES `hoadon` (`MaHD`);
COMMIT;

/*!40101 SET CHARACTER_SET_CLIENT=@OLD_CHARACTER_SET_CLIENT */;
/*!40101 SET CHARACTER_SET_RESULTS=@OLD_CHARACTER_SET_RESULTS */;
/*!40101 SET COLLATION_CONNECTION=@OLD_COLLATION_CONNECTION */;
